placename	count
Israel	1625
Gaza	1623
Us	706
Iran	209
South Africa	208
The Red Sea	199
Yemen	188
Lebanon	178
The Gaza Strip	125
Palestine	124
West Bank	122
The United States	118
Uk	95
Beirut	87
Syria	84
The Middle East	77
Qatar	65
Iraq	64
Washington	62
Tel Aviv	51
Red Sea	50
India	50
Ukraine	47
Egypt	44
Jordan	43
Russia	43
Canada	42
The West Bank	40
Rafah	40
United States	40
Saudi Arabia	39
Gaza Strip	34
The Hague	33
Gaza City	32
Germany	31
The United Kingdom	31
China	30
Europe	30
Africa	29
Jerusalem	26
Turkey	25
Middle East	25
Tehran	25
Ramallah	24
West	24
Pakistan	24
East Jerusalem	23
Khan Younis	23
The Gulf Of Aden	23
Doha	19
Jenin	19
Asia	18
London	17
Damascus	17
Belgium	16
Sanaa	15
The United Arab Emirates	14
Netherlands	14
France	14
Deir El-Balah	14
Dc	14
Strip	14
Britain	14
Morocco	14
Australia	13
Erbil	13
United Kingdom	12
Uganda	12
The Cape Of Good Hope	12
Dearborn	12
Michigan	12
Mediterranean	12
Iowa	12
Akrotiri	12
Jabalia	11
Norway	11
U.S.	11
Bahrain	11
Nuseirat	11
Hebron	10
Italy	10
Gulf	10
Namibia	10
Japan	9
Switzerland	9
Cyprus	9
West Beirut	9
Pretoria	8
Paris	8
Malaysia	8
Manipur	8
Mizoram	8
Baghdad	8
Haifa	8
Greece	8
Uae	7
Afghanistan	7
Spain	7
Algeria	7
The State Of Israel	7
Davos	7
Netanyahu	7
Bab Al-Mandeb Strait	7
Ankara	7
Des Moines	7
Hague	6
Area C	6
Kerman	6
Myanmar	6
Amman	6
Dahiyeh	6
Hamas	6
Aizawl	6
The Arabian Sea	6
New Delhi	6
Cairo	6
Rohtak	6
Nablus	5
New Orleans	5
Berlin	5
Brussels	5
The Jordan Valley	5
The Islamic Republic	5
Hodeidah	5
The Bab Al-Mandeb Strait	5
Maghazi	5
Chile	5
Mexico	5
North Africa	5
Kampala	5
Al-Walaja	5
Kyiv	5
Riyadh	5
Cedar Rapids	5
Iowa City	5
Melbourne	5
The Zim Ganges	5
South Carolina	4
Romania	4
Washington, Dc	4
America	4
Kuala Lumpur	4
Johannesburg	4
Moscow	4
Bethlehem	4
Philippines	4
Bolivia	4
Djibouti	4
Gulf Of Aden	4
New York	4
Crimea	4
Kashmir	4
Bihar	4
Zeitoun	4
Alborz	4
Al-Amal	4
Aden	3
Marib	3
Ottawa	3
Austria	3
Finland	3
Sweden	3
Louisiana	3
Ireland	3
Denmark	3
Basel	3
Indonesia	3
Washington Dc	3
Saada	3
Sudan	3
Dublin	3
El Arish	3
The Bnei Menashe	3
Al-Fukhari	3
The Near East	3
Serbia	3
Gaza Deir El-Balah	3
The Strait Of Hormuz	3
Houthis‚Äô	3
Portugal	3
Rabat	3
Western Sahara	3
Wadi Gaza	3
Bosnia	3
California	3
Islamabad	3
Texas	3
Libya	3
Shatila	3
Yaroun	3
Silicon Valley	3
Haryana	3
Middle Eastern	3
Sidon	3
Columbia	3
Al-Mawasi	3
Idlib	3
Shujayea	3
Houthi	3
Hamra	3
Dura	2
Tulkarem	2
Hong Kong	2
Kuwait	2
Gretna	2
Scotland	2
#October7	2
Qalqilya	2
New Zealand	2
Naqoura	2
Jakarta	2
Abudaqa	2
Kiryat Arba	2
Taiz	2
Hajjah	2
The Global South	2
Arura	2
Bani Suheila	2
Yugoslavia	2
Pakistan Balochistan Province	2
Iran Sistan-Baluchestan Province	2
Al-Bayda	2
Yemen Coast	2
Bangladesh	2
Comoros	2
Caesarea	2
Chicago	2
North America	2
Al-Shifa	2
Singapore	2
The Indian Ocean	2
Sri Lanka	2
Oslo	2
Malta	2
The Gulf Of Oman	2
Al-Mawasi District	2
Bab Al-Mandeb	2
Israel-Palestine	2
Westbank	2
South America	2
The Golan Heights	2
Beit Lahiya	2
The Mediterranean Sea	2
Thailand	2
Munich	2
Tunisia	2
The Via Maris	2
Istanbul	2
Crete	2
Bureij	2
United States‚Äô	2
Aroura	2
Al-Arouri	2
Jama‚ÄôA Islamiya	2
Geneva	2
Ashdod	2
Mazzeh	2
Eilat	2
Sderot	2
Southern Africa	2
Aleppo	2
Central Gaza Strip	2
Walla	2
The Republic Of Cyprus	2
Usa	2
Cape Town	2
Charleston	1
The State Of Palestine	1
Montreal	1
Milton, Ontario	1
Toronto	1
Calgary	1
Iceland	1
@Mirandacleland	1
Abwein	1
Jericho	1
South Korea	1
Czech Republic	1
Hungary	1
Slovenia	1
@Carogennez	1
Flanders	1
Wallonia	1
Ein Al-Hilweh	1
Ofer	1
Kadri	1
Al-Jiftlik	1
Farsiya	1
Makhoul	1
Tubas	1
Areas A	1
Nur Shams	1
Tel Israel	1
Vienna	1
Manchester	1
Hyderabad	1
Colombo Kollupitiya	1
Farhana	1
Beirut Shatila	1
Earth	1
Lama Khater	1
The Republic Of Yemen	1
Syria Aleppo	1
Mariupol	1
Hezbollah	1
Deir Qaddis	1
Kangpokpi	1
The Kingdom Of Judah	1
Kolasib	1
Nairoukh	1
Shawawra	1
X.	
Spain	1
Madrid	1
Oman	1
Bosnia-Herzegovina	1
Srebrenica	1
Motaz	1
@Azaizamotaz9	1
Ocean Jazz	1
Rask	1
Sistan-Baluchestan	1
The Persian Gulf	1
Balochistan	1
Supernova	1
The Bab-El-Mandeb Strait	1
Dhamar	1
Al-Karama	1
Beruit	1
Manchester City	1
Barcelona	1
Santiago	1
Kefar Sava	1
Rehovot	1
Beersheba	1
Khan Yunis	1
Mawasi	1
India Basmati	1
Welch	1
Peru	1
Colombia	1
South Sudan	1
Swaziland	1
Lisbon	1
Kiryat Shmona	1
The Blue Line	1
Bahaa El-Din Abu Ras	1
Bahaa	1
The Marshall Islands	1
Marrakesh	1
The Western Sahara	1
Maghreb	1
Gilo	1
Har Gilo	1
Al Rayyan	1
The Republic Of South Africa	1
Pa	1
Belarus	1
Ebel El-Saqi	1
Entebbe, Uganda	1
Sierra Leone	1
Drc	1
@Adoniaayebare	1
Shadi	1
Khreis	1
Northern Gaza	1
Aqaba	1
Panjgur	1
The Sistan-Baluchestan Province	1
The Islamic Republic Of Iran	1
@Repjayapal	1
@Repcori	1
@Basedmikelee	1
The Republic Of Korea	1
Kosovo	1
Sabra	1
Somalia	1
Yemen Red Sea	1
Rawaa	1
Cameroon	1
Al-Ahli	1
Egypt Sinai Peninsula	1
Philadelphi	1
Karem Abu Salem	1
Kerem Shalom	1
Dubai	1
Yemen Southern Coast	1
Lebanon Nabatieh	1
Yir‚ÄôOn	1
Avivim	1
Israel Goren	1
Herzegovina	1
Montenegro	1
Beit Shemesh	1
Santa Clara	1
Moldova	1
Bern	1
Zurich	1
Netivot	1
Al-Dabshah	1
Khirbet Selm	1
Bint Jbeil	1
Ibil El Saqi	1
Al-Tawil	1
Al-Khader	1
The Bekaa Valley	1
The Litani River	1
Al-Mazraa Asharqiya	1
Harvey	1
Tawfiq	1
Al-Mazra‚ÄôA Asharqiya	1
New York City	1
The Middle East Eye	1
Al Maniya	1
Thameen Darby	1
The Nakba Layer	1
Mercator	1
Alaska	1
The Asia-Pacific	1
Golan Heights	1
The South China Sea	1
South China Sea	1
Vietnam	1
Darby Nakba	1
@Naksbilal	1
The¬†Gaza Strip	1
Al-Mazra‚ÄôA	1
Ajaq	1
Silwad	1
Ras Issa	1
Hodeidah Province	1
Uttar Pradesh	1
Lucknow	1
Up	1
West Bengal	1
@Benarasiyaa	1
Haryana Panipat	1
Haryana Jind	1
Palestinian Territories	1
Ansarallah	1
The Strip	1
@Majedalansari	1
Kan	1
West Jerusalem	1
The Bab Al-	1
Mandeb Strait	1
Salameh	1
Zawayda	1
Beit Hanoon	1
The Red Sea.	1
La France	1
Eurasia	1
Heliopolis	1
Al-Fawakhir	1
Levant	1
Gaza City Zeitoun	1
The Old City Of Gaza	1
Mecca	1
Gaza Daraj	1
Al-Masjid Al-Omari Al-Kabir	1
Byzantium	1
Anthedon	1
Balakhiyah	1
Tida	1
Tell El-Ajjul	1
Calves Hill	1
Daraj	1
Ahmadiyyah Zawiya	1
Seychelles	1
Maldives	1
Al-Mahatta	1
Mozambique	1
Bulgaria	1
Al Jazeera	1
Detroit	1
Southeast Michigan	1
Arab America	1
Jarrah	1
Wayne County	1
Minnesota	1
South Asia	1
Florida	1
New York Ellis Island	1
Ohio	1
Dahiyeb	1
Al-Mughraqa	1
Al-Maghazi	1
Maghazi Roads	1
Deir Al-Balah	1
Al-Tanf	1
The Hashemite Kingdom Of Jordan	1
Dahiya	1
Hebrew	1
Mackinac Island	1
Great Lakes	1
Lake Michigan	1
Beit Nabala	1
Syria Damascus	1
Borj El Barajneh	1
Beirut Hamra	1
West Beirutis	1
Dabbouch	1
East Beirut	1
Israel Haifa	1
Estonia	1
Bab El-Mandeb Strait	1
Southern Red Sea	1
Africa Cape Of Good Hope	1
The Eastern Mediterranean	1
Bab-El-Mandeb Strait	1
Dead Sea	1
Eastern Mediterranean Region	1
Hamoud	1
Taalbaya	1
Rashidiya	1
Maroun El Ras	1
Rmeish	1
Miraj	1
Tal Al-Hawa	1
@Zarahsultana	1
Gisha	1
Bani Naim	1
Raanana	1
Nir Am	1
Mefalsim	1
Hanita	1
Mattat	1
Margaliot	1
Adamit	1
Zar‚ÄôIt	1
Malkia	1
The Jordan River	1
Venezuela	1
Hormuz	1
The Arabian Gulf	1
Kanaker	1
Sarit	1
Gaza‚ÄòS	1
@Tomwhitegaza	1
Entebbe	1
Al-Aqsa	1
Syria Golan Heights	1
Kurdistan	1
Panjgur, Pakistan Balochistan Province	1
#Redsea	1
Rwanda	1
East Timor	1
Kabul	1
Az-Zahra	1
Hamad	1
The State Of Qatar	1
Qffd	1
Melbourne, Australia	1
Sandridge Beach	1
Sydney	1
Brisbane	1
Northüìç#Gaza	1
@Palestine_Un	1
Taiz Province	1
Dena	1
Oakland	1
Limassol	1
Pashias	1
Anadolu	1
Nevatim	1
Dhekelia	1
The League Of Arab States	1
Al-Saftawi	1
El Amal City Hospital	1
Al-Nasser	1
Al-Katiba	1
South Africansfrom	1
Africa4Palestine	1
Western Cape Province	1
Paltel	1
Jawwal	1
Salem	1
Copenhagen	1